epoch,train_loss,val_f1
1,0.9384589417775472,0.2542955326460481
2,0.9114402747154235,0.2534435261707989
3,0.8608994952837626,0.2654771648387625
4,0.7344893989960353,0.28645252811835037
