epoch,train_loss,val_loss
1,0.9466418686665987,0.9054066061973571
2,0.8794691578338021,0.8919641375541687
3,0.8030221007372204,0.9444573879241943
4,0.7205232679843903,0.9899791240692138
5,0.6299010295616952,1.0243860483169556
6,0.5355639081252249,1.061342215538025
7,0.43061352481967524,1.2165936589241029
